Departamento,Ciudad,Latitud,Longitud,Altitud (m),Fecha y Hora,Radiación Solar (W/m²),Temperatura (°C),Humedad (%),Velocidad del Viento (m/s),Cobertura Nubosa (%),Viabilidad Energética (%)
Magdalena,Santa Marta,11.2408,-74.199,6,2025-01-18 00:25:01,834.27,38.26,67.17,9.15,77.93,33.35
Santander,Bucaramanga,7.1193,-73.1227,959,2024-12-28 18:25:01,910.43,18.26,77.73,4.38,32.88,58.89
Bolívar,Cartagena,10.391,-75.4794,2,2025-02-07 12:25:01,203.87,21.48,34.23,3.55,26.28,2.14
Santander,Bucaramanga,7.1193,-73.1227,959,2025-01-05 05:25:01,989.36,19.07,69.71,6.05,98.66,49.47
Cundinamarca,Bogotá,4.711,-74.0721,2640,2024-12-17 10:25:01,285.7,21.49,53.84,4.21,43.66,1.19
Valle del Cauca,Cali,3.4516,-76.532,1018,2024-12-04 03:25:01,605.32,29.13,39.94,4.6,59.04,30.7
Magdalena,Santa Marta,11.2408,-74.199,6,2025-02-16 13:25:01,198.32,19.29,20.09,2.94,42.23,0.0
Tolima,Ibagué,4.4389,-75.2322,1285,2025-02-01 21:25:01,174.3,21.15,50.96,7.15,91.5,0.0
Cundinamarca,Bogotá,4.711,-74.0721,2640,2024-11-25 05:25:01,880.37,39.58,35.85,1.56,37.33,55.09
Bolívar,Cartagena,10.391,-75.4794,2,2024-12-11 00:25:01,185.36,30.19,71.65,4.7,39.58,0.0
Bolívar,Cartagena,10.391,-75.4794,2,2025-01-17 22:25:01,129.09,19.91,49.85,9.88,52.6,0.0
Nariño,Pasto,1.2136,-77.2811,2527,2025-02-10 11:25:01,648.52,30.69,43.68,7.45,85.28,24.84
Magdalena,Santa Marta,11.2408,-74.199,6,2024-12-19 22:25:01,969.28,23.0,49.75,6.94,28.29,76.49
Bolívar,Cartagena,10.391,-75.4794,2,2025-02-14 09:25:01,205.15,23.92,53.13,2.19,29.57,0.0
Santander,Bucaramanga,7.1193,-73.1227,959,2025-02-05 06:25:01,520.53,36.21,87.58,9.56,46.09,9.5
Valle del Cauca,Cali,3.4516,-76.532,1018,2024-12-29 21:25:01,239.68,22.35,39.31,5.3,21.42,7.03
Antioquia,Medellín,6.2442,-75.5812,1495,2024-11-29 08:25:01,776.46,32.78,80.87,2.77,25.92,45.92
Atlántico,Barranquilla,10.9685,-74.7813,18,2024-11-27 18:25:01,563.04,19.94,27.44,8.52,84.48,20.41
Valle del Cauca,Cali,3.4516,-76.532,1018,2024-11-24 05:25:01,692.8,37.41,33.57,2.21,23.37,43.15
Santander,Bucaramanga,7.1193,-73.1227,959,2025-01-09 12:25:01,385.37,27.82,64.68,9.8,47.42,8.55
Nariño,Pasto,1.2136,-77.2811,2527,2024-12-05 05:25:01,334.08,29.04,23.44,3.65,89.52,0.0
Nariño,Pasto,1.2136,-77.2811,2527,2025-01-29 16:25:01,981.83,23.86,83.0,3.26,9.81,77.5
Nariño,Pasto,1.2136,-77.2811,2527,2024-12-24 08:25:01,183.21,33.04,83.48,8.29,74.09,0.0
Santander,Bucaramanga,7.1193,-73.1227,959,2025-01-09 04:25:01,116.09,33.11,26.81,4.41,37.94,0.0
Antioquia,Medellín,6.2442,-75.5812,1495,2024-12-05 13:25:01,813.15,18.71,20.19,1.6,23.37,63.98
Antioquia,Medellín,6.2442,-75.5812,1495,2024-12-18 05:25:01,835.17,35.8,45.97,2.52,71.05,42.21
Santander,Bucaramanga,7.1193,-73.1227,959,2024-12-17 19:25:01,903.71,17.35,25.48,7.09,68.56,57.06
Santander,Bucaramanga,7.1193,-73.1227,959,2024-12-12 00:25:01,191.13,24.02,89.67,7.01,22.71,0.0
Valle del Cauca,Cali,3.4516,-76.532,1018,2024-12-07 15:25:01,317.48,29.06,80.97,3.44,39.25,0.0
Tolima,Ibagué,4.4389,-75.2322,1285,2024-11-24 22:25:01,132.07,17.51,33.44,1.51,46.57,0.0
Risaralda,Pereira,4.8133,-75.6961,1411,2024-12-07 17:25:01,263.59,37.6,64.84,3.85,10.55,0.0
Risaralda,Pereira,4.8133,-75.6961,1411,2024-12-02 23:25:01,315.16,35.25,45.71,7.11,51.23,0.0
Santander,Bucaramanga,7.1193,-73.1227,959,2025-02-12 05:25:01,693.9,26.95,64.14,5.37,30.51,45.46
Antioquia,Medellín,6.2442,-75.5812,1495,2025-01-16 01:25:01,135.23,33.27,26.71,2.23,73.5,0.0
Valle del Cauca,Cali,3.4516,-76.532,1018,2024-12-23 11:25:01,276.71,34.95,38.51,7.98,30.85,0.76
Nariño,Pasto,1.2136,-77.2811,2527,2025-01-22 23:25:01,824.05,32.5,30.62,2.41,52.51,53.03
Antioquia,Medellín,6.2442,-75.5812,1495,2024-12-06 00:25:01,808.42,16.57,81.95,3.8,74.69,33.62
Risaralda,Pereira,4.8133,-75.6961,1411,2024-11-30 08:25:01,999.19,26.39,28.89,4.76,45.84,79.0
Santander,Bucaramanga,7.1193,-73.1227,959,2024-12-14 09:25:01,319.24,35.02,75.09,1.47,95.42,0.0
Tolima,Ibagué,4.4389,-75.2322,1285,2025-01-16 21:25:01,795.45,39.29,82.43,7.86,83.57,23.7
Cundinamarca,Bogotá,4.711,-74.0721,2640,2025-02-22 09:25:01,711.39,29.28,33.14,3.94,4.14,58.99
Cundinamarca,Bogotá,4.711,-74.0721,2640,2024-12-01 15:25:01,256.49,28.25,39.12,0.02,69.92,0.0
Valle del Cauca,Cali,3.4516,-76.532,1018,2024-12-19 18:25:01,544.54,39.37,70.3,3.92,4.44,24.69
Tolima,Ibagué,4.4389,-75.2322,1285,2025-01-12 01:25:01,618.03,35.65,41.7,9.31,61.82,24.27
Antioquia,Medellín,6.2442,-75.5812,1495,2025-01-25 11:25:01,992.1,37.98,29.67,9.25,94.01,52.09
Valle del Cauca,Cali,3.4516,-76.532,1018,2025-01-06 15:25:01,556.64,30.47,78.18,2.6,88.86,7.9
Magdalena,Santa Marta,11.2408,-74.199,6,2024-11-30 17:25:01,678.81,32.22,33.72,2.56,49.06,39.2
Bolívar,Cartagena,10.391,-75.4794,2,2024-12-11 20:25:01,566.47,31.38,38.83,8.51,78.57,18.93
Antioquia,Medellín,6.2442,-75.5812,1495,2024-12-25 15:25:01,148.97,27.58,23.17,6.63,39.62,0.0
Cundinamarca,Bogotá,4.711,-74.0721,2640,2025-02-14 19:25:01,220.81,36.07,73.44,9.29,60.39,0.0
Atlántico,Barranquilla,10.9685,-74.7813,18,2025-01-15 05:25:01,499.52,36.93,31.12,0.89,44.24,18.53
Valle del Cauca,Cali,3.4516,-76.532,1018,2024-12-03 05:25:01,225.89,35.52,80.31,6.19,30.74,0.0
Magdalena,Santa Marta,11.2408,-74.199,6,2025-02-15 08:25:01,324.4,21.62,20.32,9.17,0.19,24.94
Santander,Bucaramanga,7.1193,-73.1227,959,2024-12-14 12:25:01,434.65,35.74,38.65,1.61,38.05,13.58
Antioquia,Medellín,6.2442,-75.5812,1495,2025-02-01 16:25:01,464.45,39.28,22.9,4.65,87.88,1.22
Valle del Cauca,Cali,3.4516,-76.532,1018,2025-02-15 20:25:01,943.91,22.74,27.69,4.53,77.53,63.33
Valle del Cauca,Cali,3.4516,-76.532,1018,2024-12-11 23:25:01,544.25,39.8,25.95,2.99,50.2,19.37
Bolívar,Cartagena,10.391,-75.4794,2,2024-12-28 22:25:01,733.94,28.25,55.14,0.06,53.82,42.97
Santander,Bucaramanga,7.1193,-73.1227,959,2024-12-30 18:25:01,264.77,32.64,87.64,7.76,40.93,0.0
Cundinamarca,Bogotá,4.711,-74.0721,2640,2025-02-21 20:25:01,289.94,19.58,22.23,0.29,71.65,0.0
Tolima,Ibagué,4.4389,-75.2322,1285,2025-02-04 20:25:01,382.36,37.83,89.35,0.75,38.26,0.0
Santander,Bucaramanga,7.1193,-73.1227,959,2024-11-25 22:25:01,940.24,35.97,81.55,8.58,5.15,65.2
Bolívar,Cartagena,10.391,-75.4794,2,2025-01-23 21:25:01,403.32,28.37,20.43,2.67,2.28,32.19
Valle del Cauca,Cali,3.4516,-76.532,1018,2025-02-18 12:25:01,885.59,39.25,26.08,2.44,78.46,45.55
Magdalena,Santa Marta,11.2408,-74.199,6,2025-02-13 06:25:01,560.61,28.96,32.41,7.11,52.57,29.85
Valle del Cauca,Cali,3.4516,-76.532,1018,2025-01-29 20:25:01,319.58,21.1,40.11,0.44,83.36,0.0
Santander,Bucaramanga,7.1193,-73.1227,959,2025-02-22 14:25:01,976.02,27.02,78.99,8.79,85.22,54.22
Risaralda,Pereira,4.8133,-75.6961,1411,2024-12-04 06:25:01,183.74,21.03,84.72,0.41,58.84,0.0
Santander,Bucaramanga,7.1193,-73.1227,959,2024-11-30 17:25:01,405.03,30.79,31.23,6.87,89.89,1.5
Risaralda,Pereira,4.8133,-75.6961,1411,2024-12-10 07:25:01,782.46,15.72,82.09,3.9,43.44,39.52
Santander,Bucaramanga,7.1193,-73.1227,959,2025-02-14 22:25:01,536.36,24.08,34.17,6.85,73.46,23.84
Valle del Cauca,Cali,3.4516,-76.532,1018,2025-02-19 17:25:01,313.56,27.96,89.52,4.02,43.37,0.0
Risaralda,Pereira,4.8133,-75.6961,1411,2025-01-18 09:25:01,491.3,28.74,80.42,1.02,92.92,1.43
Cundinamarca,Bogotá,4.711,-74.0721,2640,2024-12-09 15:25:01,401.56,23.31,29.49,8.36,19.36,26.76
Antioquia,Medellín,6.2442,-75.5812,1495,2024-11-27 15:25:01,730.88,20.08,87.17,5.55,87.53,24.47
Atlántico,Barranquilla,10.9685,-74.7813,18,2025-01-08 14:25:01,824.3,17.25,34.31,7.4,0.13,67.78
Tolima,Ibagué,4.4389,-75.2322,1285,2025-01-25 17:25:01,371.93,37.81,26.05,7.79,84.25,0.0
Cundinamarca,Bogotá,4.711,-74.0721,2640,2024-11-26 06:25:01,157.56,21.47,74.19,9.15,85.67,0.0
Valle del Cauca,Cali,3.4516,-76.532,1018,2024-12-26 02:25:01,895.31,20.62,71.78,7.83,79.65,46.9
Antioquia,Medellín,6.2442,-75.5812,1495,2025-01-14 23:25:01,914.1,22.67,45.14,0.06,67.35,59.85
Tolima,Ibagué,4.4389,-75.2322,1285,2024-12-21 23:25:01,986.69,28.33,51.16,0.34,21.37,78.7
Santander,Bucaramanga,7.1193,-73.1227,959,2025-01-24 05:25:01,698.08,33.21,79.87,3.61,52.84,29.77
Cundinamarca,Bogotá,4.711,-74.0721,2640,2024-12-24 09:25:01,191.21,25.68,87.66,0.89,1.53,0.45
Nariño,Pasto,1.2136,-77.2811,2527,2025-01-26 20:25:01,962.97,24.3,78.83,2.74,45.25,66.26
Risaralda,Pereira,4.8133,-75.6961,1411,2025-01-11 15:25:01,814.59,18.76,86.77,9.88,28.45,49.33
Tolima,Ibagué,4.4389,-75.2322,1285,2024-11-30 04:25:01,604.73,38.89,79.31,5.44,36.31,19.83
Cundinamarca,Bogotá,4.711,-74.0721,2640,2025-01-31 06:25:01,422.24,37.67,20.94,4.93,92.52,0.0
Atlántico,Barranquilla,10.9685,-74.7813,18,2025-01-20 09:25:01,819.43,32.65,31.44,1.54,82.49,43.26
Nariño,Pasto,1.2136,-77.2811,2527,2024-12-27 23:25:01,117.86,35.3,44.3,3.93,42.4,0.0
Tolima,Ibagué,4.4389,-75.2322,1285,2025-01-18 20:25:01,465.7,16.94,56.05,8.53,59.29,9.51
Atlántico,Barranquilla,10.9685,-74.7813,18,2025-02-08 05:25:01,937.12,29.39,88.47,2.12,37.62,60.34
Atlántico,Barranquilla,10.9685,-74.7813,18,2025-01-19 01:25:01,995.21,39.99,30.65,7.6,94.32,50.11
Nariño,Pasto,1.2136,-77.2811,2527,2025-01-24 23:25:01,170.42,25.26,72.14,8.1,67.52,0.0
Santander,Bucaramanga,7.1193,-73.1227,959,2025-01-02 23:25:01,627.75,19.88,43.29,8.13,58.86,31.34
Santander,Bucaramanga,7.1193,-73.1227,959,2025-01-13 03:25:01,163.55,36.25,21.02,4.27,29.23,0.0
Cundinamarca,Bogotá,4.711,-74.0721,2640,2024-12-07 00:25:01,796.2,28.52,51.43,9.14,64.02,46.61
Cundinamarca,Bogotá,4.711,-74.0721,2640,2024-12-20 04:25:01,324.52,37.74,22.03,4.73,59.95,0.0
Valle del Cauca,Cali,3.4516,-76.532,1018,2025-02-04 10:25:01,569.33,24.25,42.3,0.82,10.26,44.65
Valle del Cauca,Cali,3.4516,-76.532,1018,2024-12-28 09:25:01,345.65,16.01,32.79,3.58,48.83,4.37
Santander,Bucaramanga,7.1193,-73.1227,959,2025-02-01 12:25:01,757.6,35.48,22.41,8.4,84.74,35.38
Santander,Bucaramanga,7.1193,-73.1227,959,2025-02-02 03:25:01,546.92,16.03,22.11,2.02,34.72,30.88
Tolima,Ibagué,4.4389,-75.2322,1285,2024-12-21 03:25:01,369.28,21.2,59.67,9.29,56.72,4.18
Magdalena,Santa Marta,11.2408,-74.199,6,2025-02-04 15:25:01,763.86,16.28,66.54,4.51,58.96,36.67
Valle del Cauca,Cali,3.4516,-76.532,1018,2024-12-13 14:25:01,334.84,17.52,57.54,1.93,63.62,0.0
Magdalena,Santa Marta,11.2408,-74.199,6,2024-12-29 12:25:01,603.37,16.08,80.02,9.31,96.48,6.47
Nariño,Pasto,1.2136,-77.2811,2527,2025-01-04 22:25:01,360.78,23.81,39.83,3.63,96.47,0.0
Valle del Cauca,Cali,3.4516,-76.532,1018,2024-12-27 19:25:01,451.6,18.67,27.11,3.08,13.95,29.22
Cundinamarca,Bogotá,4.711,-74.0721,2640,2025-02-12 10:25:01,277.53,16.89,36.36,0.99,23.76,5.24
Bolívar,Cartagena,10.391,-75.4794,2,2025-01-28 13:25:01,647.01,30.45,23.08,6.12,28.29,46.15
Atlántico,Barranquilla,10.9685,-74.7813,18,2025-02-07 06:25:01,309.28,19.85,54.72,5.24,8.85,12.18
Magdalena,Santa Marta,11.2408,-74.199,6,2025-01-03 13:25:01,914.71,35.93,67.18,5.89,53.3,51.12
Antioquia,Medellín,6.2442,-75.5812,1495,2025-01-19 16:25:01,465.19,20.84,32.48,8.87,5.99,34.07
Antioquia,Medellín,6.2442,-75.5812,1495,2025-01-07 23:25:01,536.76,26.88,66.49,6.58,97.65,9.2
Nariño,Pasto,1.2136,-77.2811,2527,2024-12-25 16:25:01,495.57,35.52,59.7,7.05,56.07,10.28
Risaralda,Pereira,4.8133,-75.6961,1411,2025-02-12 21:25:01,381.48,25.91,86.86,3.39,85.97,0.0
Atlántico,Barranquilla,10.9685,-74.7813,18,2025-02-17 14:25:01,229.36,36.75,44.27,8.8,95.06,0.0
Antioquia,Medellín,6.2442,-75.5812,1495,2024-12-24 08:25:01,738.31,31.81,40.13,0.64,70.12,37.96
Magdalena,Santa Marta,11.2408,-74.199,6,2024-11-30 10:25:01,648.62,18.58,82.31,3.26,56.0,25.18
Magdalena,Santa Marta,11.2408,-74.199,6,2024-12-22 01:25:01,640.42,28.04,72.6,9.59,8.52,43.93
Tolima,Ibagué,4.4389,-75.2322,1285,2025-02-07 15:25:01,520.08,34.8,81.07,8.14,47.27,11.81
Magdalena,Santa Marta,11.2408,-74.199,6,2024-12-15 16:25:01,713.09,21.14,60.53,8.26,86.04,29.53
Nariño,Pasto,1.2136,-77.2811,2527,2025-01-10 07:25:01,863.69,38.22,33.45,5.3,39.66,54.56
Nariño,Pasto,1.2136,-77.2811,2527,2025-01-16 15:25:01,725.16,15.87,83.74,1.86,4.32,45.34
Cundinamarca,Bogotá,4.711,-74.0721,2640,2024-11-27 09:25:01,698.25,15.42,72.4,1.77,67.85,25.41
Magdalena,Santa Marta,11.2408,-74.199,6,2025-02-06 09:25:01,439.78,15.47,27.15,5.11,17.18,23.86
Tolima,Ibagué,4.4389,-75.2322,1285,2025-01-16 06:25:01,535.73,23.82,57.48,0.88,92.55,13.13
Valle del Cauca,Cali,3.4516,-76.532,1018,2024-12-16 07:25:01,180.62,36.66,24.05,2.53,20.54,0.0
Tolima,Ibagué,4.4389,-75.2322,1285,2024-12-08 15:25:01,102.85,31.49,73.87,7.3,22.74,0.0
Risaralda,Pereira,4.8133,-75.6961,1411,2024-11-28 18:25:01,973.65,18.77,63.8,3.35,99.84,48.42
Tolima,Ibagué,4.4389,-75.2322,1285,2025-01-09 22:25:01,763.95,39.58,35.77,5.23,14.27,50.38
Magdalena,Santa Marta,11.2408,-74.199,6,2025-02-02 20:25:01,228.0,38.2,56.4,7.95,66.44,0.0
Valle del Cauca,Cali,3.4516,-76.532,1018,2025-01-30 08:25:01,956.33,38.52,34.89,6.55,91.61,47.65
Santander,Bucaramanga,7.1193,-73.1227,959,2025-01-27 06:25:01,234.29,39.48,77.0,1.24,23.61,0.0
Valle del Cauca,Cali,3.4516,-76.532,1018,2025-01-16 23:25:01,852.3,15.47,30.77,5.39,55.61,52.86
Atlántico,Barranquilla,10.9685,-74.7813,18,2025-01-14 18:25:01,445.81,36.79,39.97,8.22,31.98,15.2
Atlántico,Barranquilla,10.9685,-74.7813,18,2024-11-30 18:25:01,616.94,35.24,81.23,8.34,44.28,21.92
Cundinamarca,Bogotá,4.711,-74.0721,2640,2025-02-13 10:25:01,423.18,35.43,27.81,0.52,62.94,7.44
Antioquia,Medellín,6.2442,-75.5812,1495,2024-12-22 23:25:01,776.97,22.14,47.72,6.95,78.8,41.65
Tolima,Ibagué,4.4389,-75.2322,1285,2024-12-05 18:25:01,977.59,15.11,65.67,4.88,31.19,65.38
Santander,Bucaramanga,7.1193,-73.1227,959,2024-12-04 18:25:01,320.87,27.75,53.23,1.05,1.37,18.28
Bolívar,Cartagena,10.391,-75.4794,2,2024-11-29 05:25:01,711.52,23.07,43.42,8.75,14.09,56.31
Atlántico,Barranquilla,10.9685,-74.7813,18,2025-01-27 17:25:01,426.15,16.63,67.42,2.93,74.15,0.0
Atlántico,Barranquilla,10.9685,-74.7813,18,2024-12-11 11:25:01,424.45,35.98,59.66,2.13,44.04,6.32
Antioquia,Medellín,6.2442,-75.5812,1495,2025-02-20 21:25:01,827.32,15.34,62.53,4.2,76.7,37.56
Antioquia,Medellín,6.2442,-75.5812,1495,2025-01-19 18:25:01,113.82,22.56,89.87,1.4,49.35,0.0
Atlántico,Barranquilla,10.9685,-74.7813,18,2025-02-08 02:25:01,570.09,39.48,78.89,2.18,17.78,21.42
Magdalena,Santa Marta,11.2408,-74.199,6,2025-02-12 08:25:01,663.69,16.11,75.6,7.41,12.24,38.69
Bolívar,Cartagena,10.391,-75.4794,2,2024-12-11 01:25:01,850.8,17.0,22.53,5.17,75.35,49.97
Valle del Cauca,Cali,3.4516,-76.532,1018,2024-12-21 21:25:01,423.29,33.65,61.68,5.99,37.88,9.98
Santander,Bucaramanga,7.1193,-73.1227,959,2025-02-17 00:25:01,196.07,23.76,43.58,8.62,13.01,5.75
Valle del Cauca,Cali,3.4516,-76.532,1018,2024-12-24 05:25:01,325.15,35.2,23.36,4.86,69.02,0.0
Atlántico,Barranquilla,10.9685,-74.7813,18,2024-11-28 14:25:01,355.52,35.31,38.45,7.55,64.02,0.0
Santander,Bucaramanga,7.1193,-73.1227,959,2024-12-06 17:25:01,580.18,37.98,29.98,7.3,11.56,35.57
Santander,Bucaramanga,7.1193,-73.1227,959,2025-01-13 08:25:01,148.55,29.62,86.63,9.41,83.28,0.0
Risaralda,Pereira,4.8133,-75.6961,1411,2024-11-29 03:25:01,374.45,26.81,50.54,7.75,88.44,0.0
Antioquia,Medellín,6.2442,-75.5812,1495,2025-01-04 15:25:01,417.26,18.63,62.05,2.9,86.85,0.0
Magdalena,Santa Marta,11.2408,-74.199,6,2024-12-29 10:25:01,771.55,16.94,39.43,5.85,67.82,40.86
Antioquia,Medellín,6.2442,-75.5812,1495,2024-12-03 20:25:01,150.65,36.94,69.84,9.63,66.38,0.0
Tolima,Ibagué,4.4389,-75.2322,1285,2025-01-03 14:25:01,973.01,29.73,76.86,3.09,10.51,74.05
Risaralda,Pereira,4.8133,-75.6961,1411,2025-01-25 09:25:01,421.7,21.62,77.73,5.93,49.3,8.45
Nariño,Pasto,1.2136,-77.2811,2527,2025-02-06 21:25:01,443.85,23.17,62.97,2.13,95.43,1.33
Magdalena,Santa Marta,11.2408,-74.199,6,2025-01-14 21:25:01,788.76,21.46,59.02,6.5,50.03,48.52
Tolima,Ibagué,4.4389,-75.2322,1285,2024-11-30 01:25:01,954.79,22.78,54.48,0.67,22.28,75.68
Valle del Cauca,Cali,3.4516,-76.532,1018,2025-01-11 05:25:01,829.8,19.78,79.33,0.06,13.05,57.98
Tolima,Ibagué,4.4389,-75.2322,1285,2025-01-16 14:25:01,852.81,33.88,33.55,3.22,37.33,58.49
Tolima,Ibagué,4.4389,-75.2322,1285,2024-12-11 18:25:01,903.48,24.02,65.76,6.58,15.34,71.61
Atlántico,Barranquilla,10.9685,-74.7813,18,2025-01-27 22:25:01,610.28,20.29,70.97,5.97,34.26,31.85
Tolima,Ibagué,4.4389,-75.2322,1285,2024-12-03 10:25:01,203.65,16.77,50.4,0.12,63.44,0.0
Risaralda,Pereira,4.8133,-75.6961,1411,2024-11-30 03:25:01,778.15,36.78,29.49,5.66,3.64,59.05
Valle del Cauca,Cali,3.4516,-76.532,1018,2025-01-27 14:25:01,924.83,16.28,56.65,5.08,12.25,68.76
Magdalena,Santa Marta,11.2408,-74.199,6,2024-12-03 19:25:01,450.33,30.21,63.86,8.4,13.59,22.97
Valle del Cauca,Cali,3.4516,-76.532,1018,2024-11-24 17:25:01,232.51,17.18,42.56,3.4,7.07,4.8
Bolívar,Cartagena,10.391,-75.4794,2,2025-02-17 19:25:01,549.69,22.58,86.55,5.03,7.36,33.03
Antioquia,Medellín,6.2442,-75.5812,1495,2024-12-04 00:25:01,486.51,22.61,45.13,5.43,79.46,13.4
Bolívar,Cartagena,10.391,-75.4794,2,2024-12-25 08:25:01,952.92,29.85,68.77,1.19,56.31,59.8
Antioquia,Medellín,6.2442,-75.5812,1495,2024-12-01 17:25:01,285.97,27.19,50.11,9.7,52.95,0.5
Tolima,Ibagué,4.4389,-75.2322,1285,2025-01-08 19:25:01,373.25,25.48,67.73,7.06,45.85,9.54
Antioquia,Medellín,6.2442,-75.5812,1495,2025-02-17 02:25:01,133.2,35.67,88.32,1.86,83.77,0.0
Risaralda,Pereira,4.8133,-75.6961,1411,2024-12-12 01:25:01,997.03,26.24,46.29,5.99,37.62,77.92
Santander,Bucaramanga,7.1193,-73.1227,959,2024-12-01 08:25:01,859.3,39.08,46.8,0.05,65.45,42.85
Bolívar,Cartagena,10.391,-75.4794,2,2025-01-06 20:25:01,294.1,35.54,58.29,5.81,81.97,0.0
Tolima,Ibagué,4.4389,-75.2322,1285,2025-02-20 06:25:01,426.51,32.46,44.37,1.29,84.45,0.98
Magdalena,Santa Marta,11.2408,-74.199,6,2025-02-19 05:25:01,506.89,27.03,40.11,9.29,80.33,16.54
Nariño,Pasto,1.2136,-77.2811,2527,2025-01-26 02:25:01,569.72,34.26,24.18,6.57,35.85,32.12
Tolima,Ibagué,4.4389,-75.2322,1285,2025-02-15 01:25:01,181.36,17.11,77.54,0.54,61.01,0.0
Nariño,Pasto,1.2136,-77.2811,2527,2024-12-11 12:25:01,230.96,28.96,85.68,6.32,61.89,0.0
Nariño,Pasto,1.2136,-77.2811,2527,2025-02-19 07:25:01,441.78,35.74,57.79,4.81,65.63,2.19
Santander,Bucaramanga,7.1193,-73.1227,959,2024-12-10 13:25:01,579.15,35.1,51.79,9.62,58.82,19.81
Atlántico,Barranquilla,10.9685,-74.7813,18,2025-01-29 10:25:01,311.15,34.94,58.56,7.04,8.3,6.97
Valle del Cauca,Cali,3.4516,-76.532,1018,2024-12-21 10:25:01,724.87,24.55,80.92,4.29,20.47,49.71
Antioquia,Medellín,6.2442,-75.5812,1495,2025-01-31 09:25:01,427.14,33.1,75.57,5.11,99.71,0.0
Magdalena,Santa Marta,11.2408,-74.199,6,2025-02-22 12:25:01,429.82,38.47,72.37,6.24,11.09,11.71
Santander,Bucaramanga,7.1193,-73.1227,959,2025-02-20 07:25:01,600.24,17.56,78.03,7.91,86.0,11.18
Cundinamarca,Bogotá,4.711,-74.0721,2640,2025-02-19 23:25:01,961.45,32.75,22.17,3.4,25.83,76.21
Risaralda,Pereira,4.8133,-75.6961,1411,2024-12-24 22:25:01,423.87,34.53,70.81,6.72,7.72,16.38
Atlántico,Barranquilla,10.9685,-74.7813,18,2025-02-16 16:25:01,602.28,25.31,52.25,1.69,63.64,30.38
Valle del Cauca,Cali,3.4516,-76.532,1018,2024-12-29 11:25:01,909.28,38.73,39.27,5.39,85.74,43.62
Antioquia,Medellín,6.2442,-75.5812,1495,2025-01-28 17:25:01,639.25,37.08,33.22,4.14,15.35,40.6
Valle del Cauca,Cali,3.4516,-76.532,1018,2025-02-08 07:25:01,331.44,35.84,82.27,7.47,87.85,0.0
Valle del Cauca,Cali,3.4516,-76.532,1018,2025-01-15 19:25:01,273.36,34.92,47.32,7.75,47.91,0.0
Tolima,Ibagué,4.4389,-75.2322,1285,2025-02-06 01:25:01,586.92,16.48,63.55,0.66,63.56,18.39
Bolívar,Cartagena,10.391,-75.4794,2,2025-02-18 18:25:01,432.01,37.31,57.69,9.76,13.33,15.35
Antioquia,Medellín,6.2442,-75.5812,1495,2024-12-17 23:25:01,370.92,32.19,60.22,5.0,69.09,0.0
Antioquia,Medellín,6.2442,-75.5812,1495,2025-01-14 03:25:01,185.08,26.88,31.27,0.0,69.24,0.0
Risaralda,Pereira,4.8133,-75.6961,1411,2024-12-19 21:25:01,949.78,28.06,29.04,4.4,20.35,80.0
Antioquia,Medellín,6.2442,-75.5812,1495,2025-02-09 05:25:01,500.01,17.68,62.79,2.94,16.99,25.03
Tolima,Ibagué,4.4389,-75.2322,1285,2025-02-18 01:25:01,417.03,22.61,87.32,3.9,68.38,1.33
Bolívar,Cartagena,10.391,-75.4794,2,2025-01-11 23:25:01,250.94,36.88,66.69,5.38,86.39,0.0
Bolívar,Cartagena,10.391,-75.4794,2,2025-01-24 19:25:01,218.37,35.87,55.26,5.83,59.99,0.0
Atlántico,Barranquilla,10.9685,-74.7813,18,2025-01-01 05:25:01,688.31,27.62,26.73,8.35,5.7,59.15
Valle del Cauca,Cali,3.4516,-76.532,1018,2024-11-26 23:25:01,764.16,38.64,61.08,8.15,98.4,21.04
Magdalena,Santa Marta,11.2408,-74.199,6,2024-12-06 14:25:01,552.71,24.3,44.43,7.09,6.33,43.79
Valle del Cauca,Cali,3.4516,-76.532,1018,2025-01-18 14:25:01,686.93,27.39,72.84,3.7,7.35,49.53
Risaralda,Pereira,4.8133,-75.6961,1411,2024-11-29 03:25:01,988.73,32.67,21.52,3.93,57.54,69.64
Cundinamarca,Bogotá,4.711,-74.0721,2640,2025-02-03 15:25:01,777.15,17.49,25.13,7.56,96.43,36.25
Tolima,Ibagué,4.4389,-75.2322,1285,2024-12-13 04:25:01,369.33,35.01,79.28,9.08,96.31,0.0
Bolívar,Cartagena,10.391,-75.4794,2,2025-01-20 15:25:01,792.16,16.0,86.1,3.5,73.22,31.03
Valle del Cauca,Cali,3.4516,-76.532,1018,2024-12-29 12:25:01,441.01,16.66,72.91,1.8,65.55,1.51
Nariño,Pasto,1.2136,-77.2811,2527,2025-01-19 06:25:01,844.76,27.25,66.0,3.41,70.54,47.86
Tolima,Ibagué,4.4389,-75.2322,1285,2025-01-10 06:25:01,827.67,32.84,57.41,4.72,19.33,57.65
Bolívar,Cartagena,10.391,-75.4794,2,2025-01-19 13:25:01,846.95,21.35,66.41,7.06,43.81,54.62
Risaralda,Pereira,4.8133,-75.6961,1411,2024-12-15 14:25:01,798.81,32.59,88.38,2.77,58.29,37.13
Santander,Bucaramanga,7.1193,-73.1227,959,2024-12-05 06:25:01,181.65,31.68,61.61,5.44,63.35,0.0
Bolívar,Cartagena,10.391,-75.4794,2,2024-12-31 22:25:01,750.6,37.43,29.85,2.99,81.0,32.36
Atlántico,Barranquilla,10.9685,-74.7813,18,2025-01-11 01:25:01,375.98,38.46,52.07,2.58,0.26,13.65
Cundinamarca,Bogotá,4.711,-74.0721,2640,2024-12-20 10:25:01,807.55,29.61,70.23,0.62,59.24,44.33
Risaralda,Pereira,4.8133,-75.6961,1411,2024-12-14 17:25:01,711.81,18.43,39.79,7.96,60.31,38.56
Nariño,Pasto,1.2136,-77.2811,2527,2025-02-07 17:25:01,500.52,27.91,69.4,7.66,44.96,19.77
Cundinamarca,Bogotá,4.711,-74.0721,2640,2025-01-03 03:25:01,336.88,27.72,24.79,1.08,10.18,22.96
Risaralda,Pereira,4.8133,-75.6961,1411,2025-01-01 01:25:01,359.7,35.86,73.23,0.0,95.63,0.0
Cundinamarca,Bogotá,4.711,-74.0721,2640,2025-01-01 10:25:01,963.89,19.25,28.05,2.43,1.57,84.56
Atlántico,Barranquilla,10.9685,-74.7813,18,2025-02-11 12:25:01,968.97,29.52,51.17,7.89,64.95,62.66
Santander,Bucaramanga,7.1193,-73.1227,959,2025-02-07 16:25:01,553.56,37.13,65.72,4.43,9.98,27.09
Bolívar,Cartagena,10.391,-75.4794,2,2024-12-17 02:25:01,740.14,27.71,58.94,1.75,42.97,46.62
Antioquia,Medellín,6.2442,-75.5812,1495,2024-11-27 19:25:01,491.89,26.37,69.16,0.78,85.84,8.23
Cundinamarca,Bogotá,4.711,-74.0721,2640,2024-12-12 10:25:01,930.1,15.73,27.56,4.59,7.39,76.01
Santander,Bucaramanga,7.1193,-73.1227,959,2025-01-09 17:25:01,306.37,19.55,76.9,9.86,58.25,0.0
Risaralda,Pereira,4.8133,-75.6961,1411,2025-01-21 20:25:01,473.67,38.46,42.3,9.1,13.26,21.47
Cundinamarca,Bogotá,4.711,-74.0721,2640,2025-02-21 12:25:01,913.05,39.23,70.56,4.0,74.14,40.72
Magdalena,Santa Marta,11.2408,-74.199,6,2025-01-25 18:25:01,349.2,35.83,28.87,4.72,51.93,2.74
Valle del Cauca,Cali,3.4516,-76.532,1018,2024-12-10 21:25:01,768.88,28.44,22.22,6.6,44.5,55.65
Tolima,Ibagué,4.4389,-75.2322,1285,2024-12-01 02:25:01,394.38,22.52,83.45,1.6,36.87,9.21
Atlántico,Barranquilla,10.9685,-74.7813,18,2025-02-05 00:25:01,905.67,24.72,51.78,3.81,62.6,61.15
Nariño,Pasto,1.2136,-77.2811,2527,2025-02-04 04:25:01,562.47,25.92,31.99,2.27,17.2,43.77
Antioquia,Medellín,6.2442,-75.5812,1495,2025-02-18 12:25:01,980.42,35.15,32.43,2.26,72.83,59.56
Cundinamarca,Bogotá,4.711,-74.0721,2640,2024-11-28 01:25:01,502.76,18.47,46.96,8.97,75.66,11.66
Atlántico,Barranquilla,10.9685,-74.7813,18,2025-02-10 13:25:01,919.66,28.2,23.05,7.13,3.15,83.21
Risaralda,Pereira,4.8133,-75.6961,1411,2025-01-18 16:25:01,554.43,26.69,68.89,3.26,10.56,36.81
Risaralda,Pereira,4.8133,-75.6961,1411,2025-01-31 18:25:01,858.03,22.45,45.45,4.23,18.76,68.53
Nariño,Pasto,1.2136,-77.2811,2527,2024-12-08 18:25:01,844.76,27.23,53.48,0.94,49.96,56.56
Nariño,Pasto,1.2136,-77.2811,2527,2025-01-02 07:25:01,595.75,15.38,56.44,3.98,73.95,16.48
Atlántico,Barranquilla,10.9685,-74.7813,18,2025-01-26 05:25:01,257.93,36.84,51.43,5.93,5.38,2.05
Valle del Cauca,Cali,3.4516,-76.532,1018,2025-01-30 00:25:01,684.75,37.97,34.99,5.26,86.9,22.44
Risaralda,Pereira,4.8133,-75.6961,1411,2025-01-24 15:25:01,309.54,23.38,71.34,9.32,39.02,3.36
Bolívar,Cartagena,10.391,-75.4794,2,2025-01-07 01:25:01,711.08,27.77,84.63,7.63,34.54,41.05
Bolívar,Cartagena,10.391,-75.4794,2,2025-02-17 01:25:01,254.49,39.57,69.22,3.54,61.58,0.0
Atlántico,Barranquilla,10.9685,-74.7813,18,2025-01-20 18:25:01,673.89,36.95,81.08,5.16,73.81,17.08
Nariño,Pasto,1.2136,-77.2811,2527,2025-01-24 13:25:01,693.63,25.19,21.01,4.84,77.68,41.67
Risaralda,Pereira,4.8133,-75.6961,1411,2024-12-16 04:25:01,263.69,25.27,85.7,6.39,59.64,0.0
Tolima,Ibagué,4.4389,-75.2322,1285,2024-12-31 01:25:01,798.52,22.0,27.88,9.31,10.24,68.2
Risaralda,Pereira,4.8133,-75.6961,1411,2024-11-27 16:25:01,162.08,23.2,26.48,9.28,46.55,0.0
Cundinamarca,Bogotá,4.711,-74.0721,2640,2024-11-26 16:25:01,527.37,19.29,31.92,2.54,97.79,11.31
Bolívar,Cartagena,10.391,-75.4794,2,2024-12-16 01:25:01,584.74,36.97,64.14,9.12,77.81,10.33
Santander,Bucaramanga,7.1193,-73.1227,959,2024-12-25 19:25:01,273.43,30.61,76.5,3.75,4.55,5.07
Tolima,Ibagué,4.4389,-75.2322,1285,2025-02-05 06:25:01,958.45,21.66,46.95,3.41,12.39,79.4
Tolima,Ibagué,4.4389,-75.2322,1285,2025-01-21 20:25:01,666.59,34.22,41.86,7.59,83.01,24.16
Santander,Bucaramanga,7.1193,-73.1227,959,2025-01-10 14:25:01,955.61,26.95,50.86,4.93,26.96,75.35
Nariño,Pasto,1.2136,-77.2811,2527,2025-02-19 00:25:01,230.75,36.15,28.31,6.03,53.08,0.0
Magdalena,Santa Marta,11.2408,-74.199,6,2025-01-08 23:25:01,963.78,17.76,57.7,5.06,24.11,70.36
Santander,Bucaramanga,7.1193,-73.1227,959,2025-02-07 04:25:01,271.39,23.0,30.53,10.0,25.9,11.26
Nariño,Pasto,1.2136,-77.2811,2527,2025-01-29 08:25:01,156.57,26.41,49.96,7.69,8.92,1.58
Atlántico,Barranquilla,10.9685,-74.7813,18,2025-01-23 23:25:01,640.69,39.65,89.34,9.29,79.48,7.71
Tolima,Ibagué,4.4389,-75.2322,1285,2024-12-18 06:25:01,480.41,30.76,44.45,3.0,69.58,12.52
Tolima,Ibagué,4.4389,-75.2322,1285,2025-02-19 11:25:01,975.27,25.38,63.86,6.47,56.58,67.4
Nariño,Pasto,1.2136,-77.2811,2527,2024-12-28 18:25:01,819.24,31.64,72.53,2.68,55.68,44.07
Nariño,Pasto,1.2136,-77.2811,2527,2025-01-25 14:25:01,128.7,30.74,21.83,3.56,67.96,0.0
Risaralda,Pereira,4.8133,-75.6961,1411,2025-01-20 00:25:01,487.26,33.29,51.48,3.42,45.67,16.44
Risaralda,Pereira,4.8133,-75.6961,1411,2025-01-10 19:25:01,346.41,21.08,33.52,3.93,61.25,5.64
Atlántico,Barranquilla,10.9685,-74.7813,18,2024-12-14 02:25:01,982.93,34.61,67.6,7.63,8.76,72.53
Nariño,Pasto,1.2136,-77.2811,2527,2025-02-22 00:25:01,608.71,35.56,50.36,0.39,61.87,21.68
Nariño,Pasto,1.2136,-77.2811,2527,2025-02-06 19:25:01,844.99,18.47,54.7,1.26,82.5,42.28
Cundinamarca,Bogotá,4.711,-74.0721,2640,2025-01-20 19:25:01,634.08,21.27,40.88,4.67,3.1,50.57
Bolívar,Cartagena,10.391,-75.4794,2,2025-02-14 05:25:01,847.94,17.92,31.12,4.26,35.36,60.88
Bolívar,Cartagena,10.391,-75.4794,2,2025-01-12 05:25:01,491.78,19.87,51.45,0.51,37.03,22.65
Tolima,Ibagué,4.4389,-75.2322,1285,2025-02-09 17:25:01,898.6,37.4,71.0,8.7,86.68,37.26
Cundinamarca,Bogotá,4.711,-74.0721,2640,2025-01-14 22:25:01,419.38,28.54,84.88,4.25,31.9,11.85
Bolívar,Cartagena,10.391,-75.4794,2,2024-12-17 14:25:01,372.29,35.11,44.46,5.2,77.05,0.0
Bolívar,Cartagena,10.391,-75.4794,2,2025-01-27 21:25:01,363.74,16.15,24.49,5.76,75.35,0.02
Santander,Bucaramanga,7.1193,-73.1227,959,2025-01-18 20:25:01,321.67,38.67,26.46,4.46,19.8,7.26
Atlántico,Barranquilla,10.9685,-74.7813,18,2024-12-20 09:25:01,158.18,33.18,83.04,6.91,51.43,0.0
Bolívar,Cartagena,10.391,-75.4794,2,2025-01-10 13:25:01,541.39,34.8,58.97,8.33,46.24,18.67
Nariño,Pasto,1.2136,-77.2811,2527,2025-01-26 08:25:01,676.42,19.06,55.78,2.55,45.53,36.89
Valle del Cauca,Cali,3.4516,-76.532,1018,2024-12-24 12:25:01,140.5,38.83,86.41,7.7,13.09,0.0
Antioquia,Medellín,6.2442,-75.5812,1495,2024-12-09 13:25:01,216.39,30.46,55.75,7.02,33.51,0.0
Bolívar,Cartagena,10.391,-75.4794,2,2024-12-10 20:25:01,287.39,19.23,64.04,7.09,5.06,8.64
Nariño,Pasto,1.2136,-77.2811,2527,2024-12-07 20:25:01,290.42,29.24,49.19,2.76,34.26,4.69
Tolima,Ibagué,4.4389,-75.2322,1285,2025-01-05 23:25:01,983.83,33.59,63.78,7.58,61.97,58.45
Magdalena,Santa Marta,11.2408,-74.199,6,2025-01-16 03:25:01,516.86,16.16,62.91,5.88,3.81,29.12
Nariño,Pasto,1.2136,-77.2811,2527,2024-11-23 18:25:01,496.82,34.78,22.78,9.34,51.29,19.96
Antioquia,Medellín,6.2442,-75.5812,1495,2025-01-15 21:25:01,378.47,22.91,70.2,6.7,26.5,13.77
Risaralda,Pereira,4.8133,-75.6961,1411,2025-02-21 09:25:01,376.08,23.08,77.73,8.35,25.58,12.47
Bolívar,Cartagena,10.391,-75.4794,2,2025-02-01 00:25:01,668.25,35.44,35.51,8.74,75.75,26.56
Valle del Cauca,Cali,3.4516,-76.532,1018,2024-12-23 15:25:01,460.5,22.34,58.12,3.48,34.69,21.36
Santander,Bucaramanga,7.1193,-73.1227,959,2024-11-26 06:25:01,177.47,18.33,58.49,9.51,47.08,0.0
Cundinamarca,Bogotá,4.711,-74.0721,2640,2024-12-10 13:25:01,485.77,31.57,39.5,8.36,53.35,18.1
Nariño,Pasto,1.2136,-77.2811,2527,2024-11-29 04:25:01,780.39,36.91,67.53,7.91,74.17,30.37
Atlántico,Barranquilla,10.9685,-74.7813,18,2025-01-17 04:25:01,380.4,17.31,61.55,4.63,51.22,2.67
Valle del Cauca,Cali,3.4516,-76.532,1018,2024-12-15 23:25:01,943.06,25.2,89.0,3.21,64.17,57.05
Antioquia,Medellín,6.2442,-75.5812,1495,2024-12-03 23:25:01,664.52,36.08,32.37,2.44,69.74,27.98
Atlántico,Barranquilla,10.9685,-74.7813,18,2024-11-26 05:25:01,491.45,23.09,73.52,4.66,53.04,16.62
Bolívar,Cartagena,10.391,-75.4794,2,2024-12-14 11:25:01,761.02,27.96,25.06,5.1,52.85,52.27
Nariño,Pasto,1.2136,-77.2811,2527,2025-02-05 23:25:01,826.86,20.49,46.68,8.28,64.45,49.51
Antioquia,Medellín,6.2442,-75.5812,1495,2024-12-02 19:25:01,317.07,21.0,25.78,0.17,78.29,0.0
Santander,Bucaramanga,7.1193,-73.1227,959,2025-01-23 17:25:01,640.77,15.9,63.42,3.4,65.55,22.63
Antioquia,Medellín,6.2442,-75.5812,1495,2024-11-25 02:25:01,865.91,31.66,46.81,3.39,37.16,59.42
Atlántico,Barranquilla,10.9685,-74.7813,18,2025-01-18 19:25:01,496.51,30.48,29.53,8.28,60.29,20.18
Nariño,Pasto,1.2136,-77.2811,2527,2025-01-31 04:25:01,996.59,21.34,23.15,5.28,68.23,70.9
Antioquia,Medellín,6.2442,-75.5812,1495,2025-02-14 05:25:01,498.84,17.65,57.5,5.05,8.62,28.45
Magdalena,Santa Marta,11.2408,-74.199,6,2025-01-31 06:25:01,625.22,31.71,45.68,2.85,25.05,39.16
Nariño,Pasto,1.2136,-77.2811,2527,2024-12-15 16:25:01,322.33,16.04,79.81,5.29,2.35,6.61
Tolima,Ibagué,4.4389,-75.2322,1285,2024-12-18 09:25:01,876.95,39.58,38.64,0.73,40.19,53.33
Tolima,Ibagué,4.4389,-75.2322,1285,2025-01-29 08:25:01,110.61,32.03,35.0,3.65,5.62,0.0
Magdalena,Santa Marta,11.2408,-74.199,6,2024-12-03 00:25:01,544.95,30.18,47.37,7.63,59.66,21.94
Bolívar,Cartagena,10.391,-75.4794,2,2025-02-05 17:25:01,497.97,35.19,42.03,1.37,93.93,3.02
Atlántico,Barranquilla,10.9685,-74.7813,18,2025-01-04 13:25:01,383.59,39.26,26.05,0.06,80.77,0.0
Antioquia,Medellín,6.2442,-75.5812,1495,2025-02-10 22:25:01,502.82,21.3,26.74,0.46,15.79,36.5
Bolívar,Cartagena,10.391,-75.4794,2,2024-12-03 21:25:01,878.73,32.22,64.94,8.77,74.78,45.23
Antioquia,Medellín,6.2442,-75.5812,1495,2025-01-29 08:25:01,288.82,21.91,63.39,1.86,62.4,0.0
Risaralda,Pereira,4.8133,-75.6961,1411,2025-01-04 02:25:01,781.45,37.89,44.27,3.01,46.94,42.32
Valle del Cauca,Cali,3.4516,-76.532,1018,2025-01-27 22:25:01,950.16,34.17,79.37,1.78,40.83,57.72
Atlántico,Barranquilla,10.9685,-74.7813,18,2025-01-30 14:25:01,656.64,32.12,54.45,0.26,65.15,28.11
Atlántico,Barranquilla,10.9685,-74.7813,18,2024-12-20 04:25:01,157.85,18.02,37.98,4.03,22.08,0.0
Risaralda,Pereira,4.8133,-75.6961,1411,2024-12-02 06:25:01,487.37,22.55,68.42,7.86,9.59,29.73
Risaralda,Pereira,4.8133,-75.6961,1411,2024-12-07 17:25:01,394.32,25.1,47.17,3.34,47.84,15.55
Atlántico,Barranquilla,10.9685,-74.7813,18,2024-12-08 15:25:01,743.12,25.94,84.0,3.67,60.16,38.52
Antioquia,Medellín,6.2442,-75.5812,1495,2025-02-11 23:25:01,553.05,26.21,84.88,8.99,3.04,36.21
Santander,Bucaramanga,7.1193,-73.1227,959,2025-02-19 09:25:01,484.47,17.6,71.53,8.9,71.89,5.17
Magdalena,Santa Marta,11.2408,-74.199,6,2025-01-09 01:25:01,555.16,29.14,86.26,1.82,75.97,11.33
Risaralda,Pereira,4.8133,-75.6961,1411,2024-12-13 18:25:01,864.51,20.66,34.75,2.22,1.44,74.73
Santander,Bucaramanga,7.1193,-73.1227,959,2024-12-19 07:25:01,659.86,17.89,49.93,3.51,43.16,35.94
Tolima,Ibagué,4.4389,-75.2322,1285,2025-01-27 05:25:01,404.17,32.28,37.18,7.12,51.38,10.29
Risaralda,Pereira,4.8133,-75.6961,1411,2024-11-29 14:25:01,787.79,22.36,69.15,3.84,91.01,35.01
Magdalena,Santa Marta,11.2408,-74.199,6,2025-02-08 06:25:01,737.76,19.34,42.58,1.59,52.66,43.8
Magdalena,Santa Marta,11.2408,-74.199,6,2024-11-23 17:25:01,198.64,28.49,70.9,1.45,67.87,0.0
Antioquia,Medellín,6.2442,-75.5812,1495,2025-02-15 17:25:01,908.15,20.46,80.43,0.07,18.61,64.61
Bolívar,Cartagena,10.391,-75.4794,2,2025-01-28 01:25:01,288.52,15.42,83.13,5.64,4.6,1.27
Santander,Bucaramanga,7.1193,-73.1227,959,2025-02-10 05:25:01,809.35,15.37,39.97,0.44,67.2,43.15
Magdalena,Santa Marta,11.2408,-74.199,6,2025-01-30 23:25:01,510.28,28.81,34.67,0.46,35.68,29.58
Antioquia,Medellín,6.2442,-75.5812,1495,2025-01-22 13:25:01,445.87,34.54,82.19,3.57,17.78,13.28
Atlántico,Barranquilla,10.9685,-74.7813,18,2025-01-10 15:25:01,500.8,24.25,29.79,6.83,92.97,15.48
Santander,Bucaramanga,7.1193,-73.1227,959,2025-01-19 19:25:01,529.12,35.03,30.1,4.63,99.18,7.11
Valle del Cauca,Cali,3.4516,-76.532,1018,2025-01-22 00:25:01,117.39,33.63,21.28,7.25,53.28,0.0
Bolívar,Cartagena,10.391,-75.4794,2,2025-01-26 04:25:01,453.6,24.4,83.23,9.85,80.63,3.93
Santander,Bucaramanga,7.1193,-73.1227,959,2024-11-29 22:25:01,675.04,33.98,86.64,0.98,13.66,37.1
Cundinamarca,Bogotá,4.711,-74.0721,2640,2025-01-24 19:25:01,360.66,18.12,73.09,4.32,74.68,0.0
Antioquia,Medellín,6.2442,-75.5812,1495,2025-01-24 15:25:01,336.76,17.1,86.7,2.15,54.57,0.0
Antioquia,Medellín,6.2442,-75.5812,1495,2024-12-12 21:25:01,801.23,15.85,21.63,2.67,21.54,60.18
Cundinamarca,Bogotá,4.711,-74.0721,2640,2025-01-31 16:25:01,356.62,35.67,63.65,7.72,33.86,2.1
Tolima,Ibagué,4.4389,-75.2322,1285,2024-12-02 00:25:01,851.75,29.99,59.82,1.02,26.36,60.31
Risaralda,Pereira,4.8133,-75.6961,1411,2025-02-20 07:25:01,468.43,19.89,57.85,9.61,32.1,20.53
Santander,Bucaramanga,7.1193,-73.1227,959,2025-02-01 03:25:01,725.1,22.04,31.4,6.26,69.62,42.38
Bolívar,Cartagena,10.391,-75.4794,2,2024-12-08 15:25:01,862.03,17.3,89.56,5.68,82.49,35.84
Santander,Bucaramanga,7.1193,-73.1227,959,2025-02-20 03:25:01,285.98,16.25,59.78,7.73,49.04,0.0
Bolívar,Cartagena,10.391,-75.4794,2,2024-12-27 14:25:01,467.93,20.75,28.55,9.94,97.9,7.46
Tolima,Ibagué,4.4389,-75.2322,1285,2025-02-11 19:25:01,501.46,27.21,46.85,8.65,68.18,18.11
Bolívar,Cartagena,10.391,-75.4794,2,2024-12-18 21:25:01,163.05,30.1,31.27,2.68,22.32,0.0
Risaralda,Pereira,4.8133,-75.6961,1411,2025-01-06 20:25:01,757.21,26.76,69.62,3.78,64.46,40.7
Santander,Bucaramanga,7.1193,-73.1227,959,2024-12-18 23:25:01,322.46,17.13,38.42,1.4,60.75,0.0
Tolima,Ibagué,4.4389,-75.2322,1285,2024-12-17 20:25:01,291.85,26.36,72.58,3.29,31.39,3.89
Tolima,Ibagué,4.4389,-75.2322,1285,2024-12-01 15:25:01,729.55,28.7,20.74,6.22,43.22,52.14
Santander,Bucaramanga,7.1193,-73.1227,959,2025-01-23 19:25:01,566.33,28.53,49.0,5.1,19.43,37.47
Atlántico,Barranquilla,10.9685,-74.7813,18,2024-11-26 15:25:01,760.71,32.63,71.79,1.9,54.71,37.67
Cundinamarca,Bogotá,4.711,-74.0721,2640,2024-12-21 05:25:01,779.23,15.18,41.28,3.14,33.67,49.75
Santander,Bucaramanga,7.1193,-73.1227,959,2024-12-13 22:25:01,196.17,16.4,63.18,8.55,54.91,0.0
Risaralda,Pereira,4.8133,-75.6961,1411,2024-12-16 04:25:01,686.71,17.49,39.6,2.88,3.91,52.07
Magdalena,Santa Marta,11.2408,-74.199,6,2025-01-09 19:25:01,474.07,37.7,49.98,2.39,4.57,23.34
Nariño,Pasto,1.2136,-77.2811,2527,2025-01-26 14:25:01,555.57,29.85,27.19,4.42,10.38,42.16
Nariño,Pasto,1.2136,-77.2811,2527,2025-02-02 22:25:01,164.87,25.87,44.12,6.07,17.43,1.56
Atlántico,Barranquilla,10.9685,-74.7813,18,2024-12-18 04:25:01,575.15,30.05,22.75,7.33,58.78,30.28
Nariño,Pasto,1.2136,-77.2811,2527,2024-12-03 07:25:01,946.83,20.39,55.24,6.11,34.55,68.66
Valle del Cauca,Cali,3.4516,-76.532,1018,2024-12-27 21:25:01,364.33,22.1,54.56,2.12,81.67,0.0
Santander,Bucaramanga,7.1193,-73.1227,959,2025-02-12 06:25:01,733.39,35.87,34.55,6.84,72.94,33.68
Cundinamarca,Bogotá,4.711,-74.0721,2640,2024-12-21 18:25:01,338.28,37.36,22.84,8.25,59.44,0.0
Risaralda,Pereira,4.8133,-75.6961,1411,2024-12-31 08:25:01,456.89,27.79,22.33,4.73,27.72,30.12
Bolívar,Cartagena,10.391,-75.4794,2,2025-01-03 06:25:01,815.53,38.19,61.57,4.41,98.9,26.38
Antioquia,Medellín,6.2442,-75.5812,1495,2025-02-14 06:25:01,546.57,30.91,78.48,1.39,13.5,29.0
Bolívar,Cartagena,10.391,-75.4794,2,2024-12-21 02:25:01,542.82,27.28,85.95,2.97,19.87,28.85
Atlántico,Barranquilla,10.9685,-74.7813,18,2024-11-29 01:25:01,685.26,39.21,33.41,9.01,94.09,19.41
Valle del Cauca,Cali,3.4516,-76.532,1018,2024-12-17 17:25:01,738.59,28.78,40.68,6.98,86.68,35.94
Cundinamarca,Bogotá,4.711,-74.0721,2640,2025-01-23 05:25:01,685.2,22.41,50.39,6.06,41.58,43.38
Cundinamarca,Bogotá,4.711,-74.0721,2640,2025-02-09 04:25:01,980.37,16.84,81.95,3.43,31.35,64.08
Atlántico,Barranquilla,10.9685,-74.7813,18,2025-02-04 01:25:01,513.57,27.31,69.19,3.07,1.41,34.79
Nariño,Pasto,1.2136,-77.2811,2527,2025-02-08 14:25:01,421.36,37.55,84.86,2.93,11.64,9.12
Tolima,Ibagué,4.4389,-75.2322,1285,2025-02-07 14:25:01,310.03,22.59,76.38,1.74,9.75,10.39
Magdalena,Santa Marta,11.2408,-74.199,6,2025-01-21 09:25:01,798.75,34.08,26.47,7.04,83.33,40.5
Bolívar,Cartagena,10.391,-75.4794,2,2025-02-06 17:25:01,878.7,25.86,33.77,1.03,77.55,56.99
Magdalena,Santa Marta,11.2408,-74.199,6,2025-01-16 08:25:01,926.75,38.56,69.42,1.54,11.09,61.9
Valle del Cauca,Cali,3.4516,-76.532,1018,2024-11-28 11:25:01,943.14,28.84,37.1,4.97,68.33,62.55
Valle del Cauca,Cali,3.4516,-76.532,1018,2025-01-16 07:25:01,609.55,28.75,86.34,2.4,94.07,11.72
Bolívar,Cartagena,10.391,-75.4794,2,2024-11-25 02:25:01,236.86,17.97,55.42,5.69,68.93,0.0
Magdalena,Santa Marta,11.2408,-74.199,6,2025-01-13 21:25:01,324.31,23.18,49.64,0.71,79.28,0.0
Atlántico,Barranquilla,10.9685,-74.7813,18,2024-11-29 11:25:01,165.94,24.4,85.89,4.89,27.41,0.0
Atlántico,Barranquilla,10.9685,-74.7813,18,2024-11-24 15:25:01,911.5,30.68,52.04,3.48,66.31,55.17
Valle del Cauca,Cali,3.4516,-76.532,1018,2025-01-13 04:25:01,422.61,39.16,33.25,6.42,73.06,0.0
Risaralda,Pereira,4.8133,-75.6961,1411,2025-01-28 17:25:01,261.23,20.61,87.15,8.33,12.25,0.63
Valle del Cauca,Cali,3.4516,-76.532,1018,2024-11-27 18:25:01,961.04,18.23,70.28,2.27,13.3,71.29
Magdalena,Santa Marta,11.2408,-74.199,6,2024-12-28 10:25:01,889.48,17.27,87.08,7.27,2.96,62.91
Nariño,Pasto,1.2136,-77.2811,2527,2025-01-25 23:25:01,531.77,16.56,36.55,9.63,76.83,14.38
Valle del Cauca,Cali,3.4516,-76.532,1018,2025-02-06 23:25:01,628.79,20.24,77.12,3.11,61.2,24.34
Magdalena,Santa Marta,11.2408,-74.199,6,2024-12-27 10:25:01,587.66,34.08,33.19,6.23,24.3,35.76
Nariño,Pasto,1.2136,-77.2811,2527,2024-12-12 23:25:01,554.71,21.78,53.4,2.27,19.11,35.84
Risaralda,Pereira,4.8133,-75.6961,1411,2024-12-09 00:25:01,298.48,16.99,38.18,0.91,20.68,8.0
Santander,Bucaramanga,7.1193,-73.1227,959,2024-12-13 04:25:01,100.02,20.8,36.29,0.81,25.44,0.0
Cundinamarca,Bogotá,4.711,-74.0721,2640,2024-12-23 22:25:01,478.81,22.53,78.32,2.13,43.96,16.56
Risaralda,Pereira,4.8133,-75.6961,1411,2025-01-31 12:25:01,365.87,30.71,38.2,7.22,18.03,17.83
Risaralda,Pereira,4.8133,-75.6961,1411,2025-02-02 18:25:01,907.88,25.37,72.66,2.91,20.99,69.59
Risaralda,Pereira,4.8133,-75.6961,1411,2024-11-28 08:25:01,879.27,20.08,39.04,2.61,60.45,57.06
Atlántico,Barranquilla,10.9685,-74.7813,18,2024-12-26 06:25:01,806.84,20.3,54.89,7.84,72.97,43.12
Santander,Bucaramanga,7.1193,-73.1227,959,2024-11-27 00:25:01,814.35,25.48,53.52,0.67,65.38,50.64
Bolívar,Cartagena,10.391,-75.4794,2,2025-02-09 01:25:01,767.26,17.32,66.25,4.12,22.94,48.91
Atlántico,Barranquilla,10.9685,-74.7813,18,2025-01-05 02:25:01,371.72,18.01,85.15,6.08,51.17,0.0
Antioquia,Medellín,6.2442,-75.5812,1495,2025-01-15 16:25:01,877.42,30.18,37.48,0.14,74.32,52.77
Antioquia,Medellín,6.2442,-75.5812,1495,2025-02-09 13:25:01,264.86,28.2,50.8,0.42,12.1,9.5
Magdalena,Santa Marta,11.2408,-74.199,6,2025-01-11 09:25:01,408.18,21.51,73.69,2.59,38.03,11.18
Tolima,Ibagué,4.4389,-75.2322,1285,2024-12-02 22:25:01,135.66,30.52,66.67,9.78,49.81,0.0
Bolívar,Cartagena,10.391,-75.4794,2,2025-02-13 06:25:01,325.33,15.97,27.68,9.06,59.1,0.24
Atlántico,Barranquilla,10.9685,-74.7813,18,2025-01-18 21:25:01,206.51,32.51,30.06,0.49,2.03,6.52
Cundinamarca,Bogotá,4.711,-74.0721,2640,2025-01-06 10:25:01,197.55,38.75,60.49,0.44,87.36,0.0
Cundinamarca,Bogotá,4.711,-74.0721,2640,2024-12-20 04:25:01,315.8,28.18,56.69,9.95,51.62,1.58
Magdalena,Santa Marta,11.2408,-74.199,6,2024-12-30 02:25:01,171.44,21.9,69.6,1.19,67.13,0.0
Valle del Cauca,Cali,3.4516,-76.532,1018,2025-01-12 18:25:01,940.93,23.73,75.98,1.53,80.87,53.37
Nariño,Pasto,1.2136,-77.2811,2527,2024-12-05 01:25:01,666.4,27.18,80.88,3.66,85.17,22.73
Risaralda,Pereira,4.8133,-75.6961,1411,2025-01-28 07:25:01,476.02,16.33,70.76,8.22,12.65,20.98
Tolima,Ibagué,4.4389,-75.2322,1285,2025-01-30 15:25:01,670.34,23.24,31.51,5.91,37.24,47.8
Magdalena,Santa Marta,11.2408,-74.199,6,2024-12-07 21:25:01,838.59,36.01,27.96,5.91,33.29,57.27
Cundinamarca,Bogotá,4.711,-74.0721,2640,2024-12-04 08:25:01,154.22,27.25,60.34,0.07,6.38,0.0
Tolima,Ibagué,4.4389,-75.2322,1285,2024-11-28 17:25:01,691.61,33.16,52.1,9.21,55.07,34.06
Nariño,Pasto,1.2136,-77.2811,2527,2024-12-11 15:25:01,982.88,37.94,35.17,5.92,43.87,65.15
Nariño,Pasto,1.2136,-77.2811,2527,2024-12-03 23:25:01,952.03,32.28,71.51,9.35,97.87,44.26
Tolima,Ibagué,4.4389,-75.2322,1285,2025-01-28 05:25:01,483.01,36.45,59.45,9.98,5.38,23.35
Nariño,Pasto,1.2136,-77.2811,2527,2025-01-14 22:25:01,159.41,32.38,70.76,1.27,25.59,0.0
Valle del Cauca,Cali,3.4516,-76.532,1018,2024-12-03 20:25:01,613.3,36.05,38.94,7.94,77.65,19.2
Tolima,Ibagué,4.4389,-75.2322,1285,2024-11-26 20:25:01,198.53,31.15,85.15,3.25,96.5,0.0
Cundinamarca,Bogotá,4.711,-74.0721,2640,2025-01-08 10:25:01,180.66,18.31,60.76,5.46,48.56,0.0
Atlántico,Barranquilla,10.9685,-74.7813,18,2024-12-14 15:25:01,813.93,39.36,49.35,0.99,90.97,29.87
Atlántico,Barranquilla,10.9685,-74.7813,18,2024-12-08 03:25:01,747.33,20.7,24.78,7.64,12.71,61.66
Valle del Cauca,Cali,3.4516,-76.532,1018,2024-12-21 15:25:01,398.0,20.4,39.47,2.7,16.54,22.34
Magdalena,Santa Marta,11.2408,-74.199,6,2024-12-01 12:25:01,186.04,36.97,68.36,0.58,99.4,0.0
Risaralda,Pereira,4.8133,-75.6961,1411,2025-02-15 12:25:01,430.52,30.11,31.86,2.7,17.59,26.29
Magdalena,Santa Marta,11.2408,-74.199,6,2025-01-19 09:25:01,722.66,24.06,55.23,3.33,87.76,33.95
